sample_id,condition,replicate,assay,mark,fastq_1,fastq_2,run_accession,experiment_accession,gsa_sample_accession,read1_md5,read2_md5
WT_rep1_H3K9ac,WT,1,CHIP,H3K9ac,https://download.cncb.ac.cn/gsa-human/HRA003336/HRR1202648/HRR1202648_f1.fq.gz,https://download.cncb.ac.cn/gsa-human/HRA003336/HRR1202648/HRR1202648_r2.fq.gz,HRR1202648,HRX948920,HRS831638,cecd48ef36ce659a0592d11340790c15,cf9079e0f20eb3118bbcfb5461479e6b
WT_rep1_H3K56ac,WT,1,CHIP,H3K56ac,https://download.cncb.ac.cn/gsa-human/HRA003336/HRR1202632/HRR1202632_f1.fq.gz,https://download.cncb.ac.cn/gsa-human/HRA003336/HRR1202632/HRR1202632_r2.fq.gz,HRR1202632,HRX948904,HRS831622,912b10559cb6676e22f5b105ec62a6a0,be1ca732f26ed0b48e6acc1f85e51f19
WT_rep1_WGBS,WT,1,WGBS,,https://download.cncb.ac.cn/gsa-human/HRA003336/HRR1202754/HRR1202754_f1.fq.gz,https://download.cncb.ac.cn/gsa-human/HRA003336/HRR1202754/HRR1202754_r2.fq.gz,HRR1202754,HRX949026,HRS831744,700da70777819f86c98d7665889a329e,65bd9c8f90bc32536ad05a41bb578dd8
WT_rep2_H3K9ac,WT,2,CHIP,H3K9ac,https://download.cncb.ac.cn/gsa-human/HRA003336/HRR1202649/HRR1202649_f1.fq.gz,https://download.cncb.ac.cn/gsa-human/HRA003336/HRR1202649/HRR1202649_r2.fq.gz,HRR1202649,HRX948921,HRS831639,2fb7d7018d422e879409a51ac8a3e834,383e3e53074d48bc272b3ce5771daf3a
WT_rep2_H3K56ac,WT,2,CHIP,H3K56ac,https://download.cncb.ac.cn/gsa-human/HRA003336/HRR1202633/HRR1202633_f1.fq.gz,https://download.cncb.ac.cn/gsa-human/HRA003336/HRR1202633/HRR1202633_r2.fq.gz,HRR1202633,HRX948905,HRS831623,e52e997836644d79b556aaaf7227ddfd,7592bf31afc9f9b17df9f227c4388885
WT_rep2_WGBS,WT,2,WGBS,,https://download.cncb.ac.cn/gsa-human/HRA003336/HRR1202755/HRR1202755_f1.fq.gz,https://download.cncb.ac.cn/gsa-human/HRA003336/HRR1202755/HRR1202755_r2.fq.gz,HRR1202755,HRX949027,HRS831745,dcd665da6062db707fd67baa5d110e7d,c67204ec1ceac450fbc6c80229e0c939
SIRT1_rep1_H3K9ac,SIRT1,1,CHIP,H3K9ac,https://download.cncb.ac.cn/gsa-human/HRA003336/HRR1202634/HRR1202634_f1.fq.gz,https://download.cncb.ac.cn/gsa-human/HRA003336/HRR1202634/HRR1202634_r2.fq.gz,HRR1202634,HRX948906,HRS831624,05806de0cc1d851a33161223aa1811e3,e551d2db00a9d343a612851145cb750b
SIRT1_rep1_H3K56ac,SIRT1,1,CHIP,H3K56ac,https://download.cncb.ac.cn/gsa-human/HRA003336/HRR1202618/HRR1202618_f1.fq.gz,https://download.cncb.ac.cn/gsa-human/HRA003336/HRR1202618/HRR1202618_r2.fq.gz,HRR1202618,HRX948890,HRS831608,403b585dabdd79597bdf6db9b508342a,3d9ee9c531f829c0c264ca298ffa5998
SIRT1_rep1_WGBS,SIRT1,1,WGBS,,https://download.cncb.ac.cn/gsa-human/HRA003336/HRR1202740/HRR1202740_f1.fq.gz,https://download.cncb.ac.cn/gsa-human/HRA003336/HRR1202740/HRR1202740_r2.fq.gz,HRR1202740,HRX949012,HRS831730,3fbf8ee10f5176524a246b707bd5ad7e,f0370fe0d201ae32b47150977e1bdc1f
SIRT1_rep2_H3K9ac,SIRT1,2,CHIP,H3K9ac,https://download.cncb.ac.cn/gsa-human/HRA003336/HRR1202635/HRR1202635_f1.fq.gz,https://download.cncb.ac.cn/gsa-human/HRA003336/HRR1202635/HRR1202635_r2.fq.gz,HRR1202635,HRX948907,HRS831625,6da2f18c255b167a51ce46d30a530cf8,e19ca5d2fb4a66b3957844036279f889
SIRT1_rep2_H3K56ac,SIRT1,2,CHIP,H3K56ac,https://download.cncb.ac.cn/gsa-human/HRA003336/HRR1202619/HRR1202619_f1.fq.gz,https://download.cncb.ac.cn/gsa-human/HRA003336/HRR1202619/HRR1202619_r2.fq.gz,HRR1202619,HRX948891,HRS831609,a565095ae0e10749648da24e8851f36c,ea4dfe3b1d6181322b185374c8354e98
SIRT1_rep2_WGBS,SIRT1,2,WGBS,,https://download.cncb.ac.cn/gsa-human/HRA003336/HRR1202741/HRR1202741_f1.fq.gz,https://download.cncb.ac.cn/gsa-human/HRA003336/HRR1202741/HRR1202741_r2.fq.gz,HRR1202741,HRX949013,HRS831731,f851bf7a62a22e55e4fe798960a424fb,f1949646f0fa4f56e3a4f14a2061d1fe
SIRT2_rep1_H3K9ac,SIRT2,1,CHIP,H3K9ac,https://download.cncb.ac.cn/gsa-human/HRA003336/HRR1202636/HRR1202636_f1.fq.gz,https://download.cncb.ac.cn/gsa-human/HRA003336/HRR1202636/HRR1202636_r2.fq.gz,HRR1202636,HRX948908,HRS831626,fab9c0635f47a255a53aad54c8550a64,56c6c8bdcbfcd480d3e16925cbca94cf
SIRT2_rep1_H3K56ac,SIRT2,1,CHIP,H3K56ac,https://download.cncb.ac.cn/gsa-human/HRA003336/HRR1202620/HRR1202620_f1.fq.gz,https://download.cncb.ac.cn/gsa-human/HRA003336/HRR1202620/HRR1202620_r2.fq.gz,HRR1202620,HRX948892,HRS831610,9efd8887ced83d75fad6134ce6f87556,e127d7bfd6036aff868f6c7ac1fd1ed7
SIRT2_rep1_WGBS,SIRT2,1,WGBS,,https://download.cncb.ac.cn/gsa-human/HRA003336/HRR1202742/HRR1202742_f1.fq.gz,https://download.cncb.ac.cn/gsa-human/HRA003336/HRR1202742/HRR1202742_r2.fq.gz,HRR1202742,HRX949014,HRS831732,4acd4ee5c04819c9cafdba2e13f97e93,3c8e437a40220f08ea729a28204ae505
SIRT2_rep2_H3K9ac,SIRT2,2,CHIP,H3K9ac,https://download.cncb.ac.cn/gsa-human/HRA003336/HRR1202637/HRR1202637_f1.fq.gz,https://download.cncb.ac.cn/gsa-human/HRA003336/HRR1202637/HRR1202637_r2.fq.gz,HRR1202637,HRX948909,HRS831627,711b7fa07ac8fb129d81e633fe49d87d,b5c7d11ffb1e3c4293abf4405feae934
SIRT2_rep2_H3K56ac,SIRT2,2,CHIP,H3K56ac,https://download.cncb.ac.cn/gsa-human/HRA003336/HRR1202621/HRR1202621_f1.fq.gz,https://download.cncb.ac.cn/gsa-human/HRA003336/HRR1202621/HRR1202621_r2.fq.gz,HRR1202621,HRX948893,HRS831611,ded5e51d2f6262dd3deb47bddb02812e,c4dce4c6aa7a1db9b80315b1b5c3c571
SIRT2_rep2_WGBS,SIRT2,2,WGBS,,https://download.cncb.ac.cn/gsa-human/HRA003336/HRR1202743/HRR1202743_f1.fq.gz,https://download.cncb.ac.cn/gsa-human/HRA003336/HRR1202743/HRR1202743_r2.fq.gz,HRR1202743,HRX949015,HRS831733,bc3669802e92a739d37333e05f662bab,bfe636eef625b7146169a4730aa350d6
SIRT3_rep1_H3K9ac,SIRT3,1,CHIP,H3K9ac,https://download.cncb.ac.cn/gsa-human/HRA003336/HRR1202638/HRR1202638_f1.fq.gz,https://download.cncb.ac.cn/gsa-human/HRA003336/HRR1202638/HRR1202638_r2.fq.gz,HRR1202638,HRX948910,HRS831628,269326fd58c46749052d4630539da3a6,3c04cd9afe51e92704ecb2dc82884934
SIRT3_rep1_H3K56ac,SIRT3,1,CHIP,H3K56ac,https://download.cncb.ac.cn/gsa-human/HRA003336/HRR1202622/HRR1202622_f1.fq.gz,https://download.cncb.ac.cn/gsa-human/HRA003336/HRR1202622/HRR1202622_r2.fq.gz,HRR1202622,HRX948894,HRS831612,6ade7599ccc418e0afbdfd7478afb54b,a5dc5cffb47fc493b97cbe5b84d604ec
SIRT3_rep1_WGBS,SIRT3,1,WGBS,,https://download.cncb.ac.cn/gsa-human/HRA003336/HRR1202744/HRR1202744_f1.fq.gz,https://download.cncb.ac.cn/gsa-human/HRA003336/HRR1202744/HRR1202744_r2.fq.gz,HRR1202744,HRX949016,HRS831734,031dc8b68e72cb4d4575b51ada0b660d,3c553fe4f5ffd960ccf659407f0e468f
SIRT3_rep2_H3K9ac,SIRT3,2,CHIP,H3K9ac,https://download.cncb.ac.cn/gsa-human/HRA003336/HRR1202639/HRR1202639_f1.fq.gz,https://download.cncb.ac.cn/gsa-human/HRA003336/HRR1202639/HRR1202639_r2.fq.gz,HRR1202639,HRX948911,HRS831629,8496f44c0f84a3af0d944b5257bc8414,acbecfcf287ddbd78e166d6b721b5053
SIRT3_rep2_H3K56ac,SIRT3,2,CHIP,H3K56ac,https://download.cncb.ac.cn/gsa-human/HRA003336/HRR1202623/HRR1202623_f1.fq.gz,https://download.cncb.ac.cn/gsa-human/HRA003336/HRR1202623/HRR1202623_r2.fq.gz,HRR1202623,HRX948895,HRS831613,ab8c7490a0b77e1f8d74b22099b954d9,ccd30d2e53b631fc21fe19e99b11370a
SIRT3_rep2_WGBS,SIRT3,2,WGBS,,https://download.cncb.ac.cn/gsa-human/HRA003336/HRR1202745/HRR1202745_f1.fq.gz,https://download.cncb.ac.cn/gsa-human/HRA003336/HRR1202745/HRR1202745_r2.fq.gz,HRR1202745,HRX949017,HRS831735,eb053b50fd425975199c5d7652f42cfd,4946d6d2927b254c5e8108a37e13acf2
SIRT4_rep1_H3K9ac,SIRT4,1,CHIP,H3K9ac,https://download.cncb.ac.cn/gsa-human/HRA003336/HRR1202640/HRR1202640_f1.fq.gz,https://download.cncb.ac.cn/gsa-human/HRA003336/HRR1202640/HRR1202640_r2.fq.gz,HRR1202640,HRX948912,HRS831630,4c4c5608ce399bde4e1b712f8f449901,f5777157b6258a824f673b9233e22cbd
SIRT4_rep1_H3K56ac,SIRT4,1,CHIP,H3K56ac,https://download.cncb.ac.cn/gsa-human/HRA003336/HRR1202624/HRR1202624_f1.fq.gz,https://download.cncb.ac.cn/gsa-human/HRA003336/HRR1202624/HRR1202624_r2.fq.gz,HRR1202624,HRX948896,HRS831614,82552a351a4da217f05c5a29aa8c980a,aa36424b2a047e2cd1427d65d2d0fc2b
SIRT4_rep1_WGBS,SIRT4,1,WGBS,,https://download.cncb.ac.cn/gsa-human/HRA003336/HRR1202746/HRR1202746_f1.fq.gz,https://download.cncb.ac.cn/gsa-human/HRA003336/HRR1202746/HRR1202746_r2.fq.gz,HRR1202746,HRX949018,HRS831736,339c6baca0705e5b7bcc97d8544e8c84,73a7aabb4d09fc98ce5e562856a52bed
SIRT4_rep2_H3K9ac,SIRT4,2,CHIP,H3K9ac,https://download.cncb.ac.cn/gsa-human/HRA003336/HRR1202641/HRR1202641_f1.fq.gz,https://download.cncb.ac.cn/gsa-human/HRA003336/HRR1202641/HRR1202641_r2.fq.gz,HRR1202641,HRX948913,HRS831631,4c69bfa280d640b666e8069e2948b07e,f34fe31efb6c1baa21173646f8f8cc08
SIRT4_rep2_H3K56ac,SIRT4,2,CHIP,H3K56ac,https://download.cncb.ac.cn/gsa-human/HRA003336/HRR1202625/HRR1202625_f1.fq.gz,https://download.cncb.ac.cn/gsa-human/HRA003336/HRR1202625/HRR1202625_r2.fq.gz,HRR1202625,HRX948897,HRS831615,1873019bcd4f03bae4cc3e8d89e0df6a,eeac3981b8b4d9c72f6a1abba8d4098a
SIRT4_rep2_WGBS,SIRT4,2,WGBS,,https://download.cncb.ac.cn/gsa-human/HRA003336/HRR1202747/HRR1202747_f1.fq.gz,https://download.cncb.ac.cn/gsa-human/HRA003336/HRR1202747/HRR1202747_r2.fq.gz,HRR1202747,HRX949019,HRS831737,762653328356ddc926f8349621c9b69f,0ddf4c76df8299089f3b42f4064acf63
SIRT5_rep1_H3K9ac,SIRT5,1,CHIP,H3K9ac,https://download.cncb.ac.cn/gsa-human/HRA003336/HRR1202642/HRR1202642_f1.fq.gz,https://download.cncb.ac.cn/gsa-human/HRA003336/HRR1202642/HRR1202642_r2.fq.gz,HRR1202642,HRX948914,HRS831632,a2e0a79aaa71c98af9f56bc759d2b165,9c882b126aed4feddd440f8d53047d77
SIRT5_rep1_H3K56ac,SIRT5,1,CHIP,H3K56ac,https://download.cncb.ac.cn/gsa-human/HRA003336/HRR1202626/HRR1202626_f1.fq.gz,https://download.cncb.ac.cn/gsa-human/HRA003336/HRR1202626/HRR1202626_r2.fq.gz,HRR1202626,HRX948898,HRS831616,aee8125b6e30a1fbbde8138639062f18,a90648bb83359ab2797c807f0226fcec
SIRT5_rep1_WGBS,SIRT5,1,WGBS,,https://download.cncb.ac.cn/gsa-human/HRA003336/HRR1202748/HRR1202748_f1.fq.gz,https://download.cncb.ac.cn/gsa-human/HRA003336/HRR1202748/HRR1202748_r2.fq.gz,HRR1202748,HRX949020,HRS831738,7138c1ddeaae98531cb81040ca984ac6,f19c988758066d91ae7928354280db13
SIRT5_rep2_H3K9ac,SIRT5,2,CHIP,H3K9ac,https://download.cncb.ac.cn/gsa-human/HRA003336/HRR1202643/HRR1202643_f1.fq.gz,https://download.cncb.ac.cn/gsa-human/HRA003336/HRR1202643/HRR1202643_r2.fq.gz,HRR1202643,HRX948915,HRS831633,27b7497544839c89e018c74c23d9842e,3cb60a0844138af92d96e61745801b9a
SIRT5_rep2_H3K56ac,SIRT5,2,CHIP,H3K56ac,https://download.cncb.ac.cn/gsa-human/HRA003336/HRR1202627/HRR1202627_f1.fq.gz,https://download.cncb.ac.cn/gsa-human/HRA003336/HRR1202627/HRR1202627_r2.fq.gz,HRR1202627,HRX948899,HRS831617,617a395f39a309ee8a19461f75a0905d,12cbac58c61ad92cd2085e67b1b173b1
SIRT5_rep2_WGBS,SIRT5,2,WGBS,,https://download.cncb.ac.cn/gsa-human/HRA003336/HRR1202749/HRR1202749_f1.fq.gz,https://download.cncb.ac.cn/gsa-human/HRA003336/HRR1202749/HRR1202749_r2.fq.gz,HRR1202749,HRX949021,HRS831739,119b7f9d782c76a0598dd5c925402ad5,70d984783797bba65033d826d44f3dd9
SIRT6_rep1_H3K9ac,SIRT6,1,CHIP,H3K9ac,https://download.cncb.ac.cn/gsa-human/HRA003336/HRR1202644/HRR1202644_f1.fq.gz,https://download.cncb.ac.cn/gsa-human/HRA003336/HRR1202644/HRR1202644_r2.fq.gz,HRR1202644,HRX948916,HRS831634,5346d4d13ae18eeb3a480e7b86bc493b,097280fe0ec2dc3803ff6f694016545c
SIRT6_rep1_H3K56ac,SIRT6,1,CHIP,H3K56ac,https://download.cncb.ac.cn/gsa-human/HRA003336/HRR1202628/HRR1202628_f1.fq.gz,https://download.cncb.ac.cn/gsa-human/HRA003336/HRR1202628/HRR1202628_r2.fq.gz,HRR1202628,HRX948900,HRS831618,f6f8aad0ba0d715fa5679f88dfb59d3a,67c4f4a14aa802976e05c4da9df1f846
SIRT6_rep1_WGBS,SIRT6,1,WGBS,,https://download.cncb.ac.cn/gsa-human/HRA003336/HRR1202750/HRR1202750_f1.fq.gz,https://download.cncb.ac.cn/gsa-human/HRA003336/HRR1202750/HRR1202750_r2.fq.gz,HRR1202750,HRX949022,HRS831740,c0241d5399639c14299d1080cbd0053b,01d3a30b1f8e622a5fef4b656674b9a1
SIRT6_rep2_H3K9ac,SIRT6,2,CHIP,H3K9ac,https://download.cncb.ac.cn/gsa-human/HRA003336/HRR1202645/HRR1202645_f1.fq.gz,https://download.cncb.ac.cn/gsa-human/HRA003336/HRR1202645/HRR1202645_r2.fq.gz,HRR1202645,HRX948917,HRS831635,3b88dfd24291c05ae99829bf7647581d,6d96cec780a6521d795827dbddc0c419
SIRT6_rep2_H3K56ac,SIRT6,2,CHIP,H3K56ac,https://download.cncb.ac.cn/gsa-human/HRA003336/HRR1202629/HRR1202629_f1.fq.gz,https://download.cncb.ac.cn/gsa-human/HRA003336/HRR1202629/HRR1202629_r2.fq.gz,HRR1202629,HRX948901,HRS831619,d553e2ea6edf6acf0270ce183bfe7409,0e33cec88082316e218a9304e3251862
SIRT6_rep2_WGBS,SIRT6,2,WGBS,,https://download.cncb.ac.cn/gsa-human/HRA003336/HRR1202751/HRR1202751_f1.fq.gz,https://download.cncb.ac.cn/gsa-human/HRA003336/HRR1202751/HRR1202751_r2.fq.gz,HRR1202751,HRX949023,HRS831741,317a9edbb409c41afa8624a10fd8c0b0,f11ce52b183b0ea1c485e3df9271d5d2
SIRT7_rep1_H3K9ac,SIRT7,1,CHIP,H3K9ac,https://download.cncb.ac.cn/gsa-human/HRA003336/HRR1202646/HRR1202646_f1.fq.gz,https://download.cncb.ac.cn/gsa-human/HRA003336/HRR1202646/HRR1202646_r2.fq.gz,HRR1202646,HRX948918,HRS831636,11ac424e88bd369983719f3d34319912,f8cf5e697c9f907fd4e3267a72b0899d
SIRT7_rep1_H3K56ac,SIRT7,1,CHIP,H3K56ac,https://download.cncb.ac.cn/gsa-human/HRA003336/HRR1202630/HRR1202630_f1.fq.gz,https://download.cncb.ac.cn/gsa-human/HRA003336/HRR1202630/HRR1202630_r2.fq.gz,HRR1202630,HRX948902,HRS831620,031fc2a162701a2f1b971b7d84fa93e9,a2e7ebd518fe7622241edda6b3fed965
SIRT7_rep1_WGBS,SIRT7,1,WGBS,,https://download.cncb.ac.cn/gsa-human/HRA003336/HRR1202752/HRR1202752_f1.fq.gz,https://download.cncb.ac.cn/gsa-human/HRA003336/HRR1202752/HRR1202752_r2.fq.gz,HRR1202752,HRX949024,HRS831742,dc90b7cf4bc3ebc58be437a62851a41f,f313f02508a30ed0aea3e99ee4d0cc4a
SIRT7_rep2_H3K9ac,SIRT7,2,CHIP,H3K9ac,https://download.cncb.ac.cn/gsa-human/HRA003336/HRR1202647/HRR1202647_f1.fq.gz,https://download.cncb.ac.cn/gsa-human/HRA003336/HRR1202647/HRR1202647_r2.fq.gz,HRR1202647,HRX948919,HRS831637,4543fe1a535801fbe11576ddfa6027d1,b0d6e8bc42b6fc9946c1071ea35dc375
SIRT7_rep2_H3K56ac,SIRT7,2,CHIP,H3K56ac,https://download.cncb.ac.cn/gsa-human/HRA003336/HRR1202631/HRR1202631_f1.fq.gz,https://download.cncb.ac.cn/gsa-human/HRA003336/HRR1202631/HRR1202631_r2.fq.gz,HRR1202631,HRX948903,HRS831621,b10e24ef2e243bbbc0393d15678be5e9,52d0262b65f471adec8ef441d0dde973
SIRT7_rep2_WGBS,SIRT7,2,WGBS,,https://download.cncb.ac.cn/gsa-human/HRA003336/HRR1202753/HRR1202753_f1.fq.gz,https://download.cncb.ac.cn/gsa-human/HRA003336/HRR1202753/HRR1202753_r2.fq.gz,HRR1202753,HRX949025,HRS831743,d233a592932cf03415ee2d5724775765,233df30d41a1ad03c82be35896037f38
